L_thal	0
L_caud	-0.0408127188763493
L_put	-0.105722706852824
L_pal	0.0327690546225422
L_hippo	0.0903038839760262
L_amyg	0.0194931959155497
L_accumb	0
L_LatVent	0.062498260766775
R_thal	0
R_caud	0
R_put	0
R_pal	0
R_hippo	0
R_amyg	0
R_accumb	0
R_LatVent	0
